Title,First Name,Middle Name,Last Name,Mobile Phone
X,Brent,,Allen,(555)-432-5555
X,Travis,,Austin,(555)-432-5556
X,"Robert ""Buck""",,Bergstrom,(555)-432-5557
X,Sujan,,Bhattacharya,(555)-432-5558
X,Kyle,,Brock,(555)-432-5559
X,Dawn,,Burgess,(555)-432-5560
X,Joey,,Carr,(555)-432-5561
X,Bruce ,,Darlington,(555)-432-5562
X,Jennifer ,,Dietel,(555)-432-5563
X,Patrick,,Durand,(555)-432-5564
X,Todd,,Eason,(555)-432-5565
X,Luis,,Faya,(555)-432-5566
X,Tina,,Fischer,(555)-432-5567
X,Dustin,,Ford,(555)-432-5568
X,Jarel,,Hall,(555)-432-5569
X,Chris,,Hargrove,(555)-432-5570
X,Paul,,Helsin,(555)-432-5571
X,Alan,,Johnson,(555)-432-5572
X,Bill,,Kerr,(555)-432-5573
X,Nancy ,,Kirbo,(555)-432-5574
X,Kevin,,Koon,(555)-432-5575
X,Chris,,Korte,(555)-432-5576
X,Jason,,Kujda,(555)-432-5577
X,Aaron,,Leavitt,(555)-432-5578
X,Kandy,,Lukats,(555)-432-5579
X,Corey,,Luzon,(555)-432-5580
X,Matt ,,Martin,(555)-432-5581
X,Joey,,Matoush,(555)-432-5582
X,Jason,,Mckittrick,(555)-432-5583
X,Andrew,,Munoz,(555)-432-5584
X,Dobbs,,Nelson,(555)-432-5585
X,James,,Reichert,(555)-432-5586
X,Dereck,,Scanson,(555)-432-5587
X,Kirk,,Sparling,(555)-432-5588
X,Taryn,,Speakman,(555)-432-5589
X,Justin,,Stewart,(555)-432-5590
X,Jerrod,,Stutzman,(555)-432-5591
X,Steve,,Tharp,(555)-432-5592
X,Paul,,Thompson,(555)-432-5593
X,Bobbie Jo,,Wallace,(555)-432-5594
X,VIsh,,,(555)-432-5595
